run_id,timestamp_utc,seed,sample_size,sample_scope,case_id,scenario,fault_type,selection_order,selection_order_in_scenario,case_path,case_kind,panic_strategy,supported_on_host,executed,success,triggered,panic_detected,memory_error_detected,build_failed,timeout,exit_code,exit_code_hex,termination_signal,termination_kind,duration_sec,log_path,error_reason,platform,python_version,cargo_path,cargo_target,cargo_linker
tests__unsafe-bugs__double-free_unwind,2026-03-27T14:41:58+00:00,42,20,runnable,tests__unsafe-bugs__double-free,S1,double_free,1,1,testcases/tests__unsafe-bugs__double-free,cargo_bin,unwind,True,True,False,True,False,True,False,False,3221226356,0xC0000374,,heap_corruption,1.117773,C:\Users\ASUS\data\毕业论文\paper_rustSec\results\ablation_logs\tests__unsafe-bugs__double-free_unwind.log,heap_corruption,Windows-11-10.0.26200-SP0,3.14.2,C:\Users\ASUS\.cargo\bin\cargo.exe,x86_64-pc-windows-gnullvm,C:\Users\ASUS\AppData\Local\Microsoft\WinGet\Packages\MartinStorsjo.LLVM-MinGW.MSVCRT_Microsoft.Winget.Source_8wekyb3d8bbwe\llvm-mingw-20260324-msvcrt-x86_64\bin\x86_64-w64-mingw32-clang.exe
tests__unsafe-bugs__double-free_abort,2026-03-27T14:41:58+00:00,42,20,runnable,tests__unsafe-bugs__double-free,S1,double_free,1,1,testcases/tests__unsafe-bugs__double-free,cargo_bin,abort,True,True,False,True,False,True,False,False,3221226356,0xC0000374,,heap_corruption,1.12261,C:\Users\ASUS\data\毕业论文\paper_rustSec\results\ablation_logs\tests__unsafe-bugs__double-free_abort.log,heap_corruption,Windows-11-10.0.26200-SP0,3.14.2,C:\Users\ASUS\.cargo\bin\cargo.exe,x86_64-pc-windows-gnullvm,C:\Users\ASUS\AppData\Local\Microsoft\WinGet\Packages\MartinStorsjo.LLVM-MinGW.MSVCRT_Microsoft.Winget.Source_8wekyb3d8bbwe\llvm-mingw-20260324-msvcrt-x86_64\bin\x86_64-w64-mingw32-clang.exe
tests__unit-tests__array_unwind,2026-03-27T14:41:58+00:00,42,20,runnable,tests__unit-tests__array,S2,unit_test,2,1,testcases/tests__unit-tests__array,cargo_bin,unwind,True,True,False,False,False,False,True,False,101,0x00000065,,build_failed,0.108224,C:\Users\ASUS\data\毕业论文\paper_rustSec\results\ablation_logs\tests__unit-tests__array_unwind.log,build_failed,Windows-11-10.0.26200-SP0,3.14.2,C:\Users\ASUS\.cargo\bin\cargo.exe,x86_64-pc-windows-gnullvm,C:\Users\ASUS\AppData\Local\Microsoft\WinGet\Packages\MartinStorsjo.LLVM-MinGW.MSVCRT_Microsoft.Winget.Source_8wekyb3d8bbwe\llvm-mingw-20260324-msvcrt-x86_64\bin\x86_64-w64-mingw32-clang.exe
tests__unit-tests__array_abort,2026-03-27T14:41:58+00:00,42,20,runnable,tests__unit-tests__array,S2,unit_test,2,1,testcases/tests__unit-tests__array,cargo_bin,abort,True,True,False,False,False,False,True,False,101,0x00000065,,build_failed,0.101085,C:\Users\ASUS\data\毕业论文\paper_rustSec\results\ablation_logs\tests__unit-tests__array_abort.log,build_failed,Windows-11-10.0.26200-SP0,3.14.2,C:\Users\ASUS\.cargo\bin\cargo.exe,x86_64-pc-windows-gnullvm,C:\Users\ASUS\AppData\Local\Microsoft\WinGet\Packages\MartinStorsjo.LLVM-MinGW.MSVCRT_Microsoft.Winget.Source_8wekyb3d8bbwe\llvm-mingw-20260324-msvcrt-x86_64\bin\x86_64-w64-mingw32-clang.exe
tests__safe-bugs__integer-overflow_unwind,2026-03-27T14:41:58+00:00,42,20,runnable,tests__safe-bugs__integer-overflow,S2,integer_overflow,3,2,testcases/tests__safe-bugs__integer-overflow,cargo_bin,unwind,True,True,False,True,True,False,False,False,101,0x00000065,,panic_unwind,0.054248,C:\Users\ASUS\data\毕业论文\paper_rustSec\results\ablation_logs\tests__safe-bugs__integer-overflow_unwind.log,panic_unwind,Windows-11-10.0.26200-SP0,3.14.2,C:\Users\ASUS\.cargo\bin\cargo.exe,x86_64-pc-windows-gnullvm,C:\Users\ASUS\AppData\Local\Microsoft\WinGet\Packages\MartinStorsjo.LLVM-MinGW.MSVCRT_Microsoft.Winget.Source_8wekyb3d8bbwe\llvm-mingw-20260324-msvcrt-x86_64\bin\x86_64-w64-mingw32-clang.exe
tests__safe-bugs__integer-overflow_abort,2026-03-27T14:41:58+00:00,42,20,runnable,tests__safe-bugs__integer-overflow,S2,integer_overflow,3,2,testcases/tests__safe-bugs__integer-overflow,cargo_bin,abort,True,True,False,True,True,False,False,False,3221226505,0xC0000409,,panic_abort,1.064324,C:\Users\ASUS\data\毕业论文\paper_rustSec\results\ablation_logs\tests__safe-bugs__integer-overflow_abort.log,panic_abort,Windows-11-10.0.26200-SP0,3.14.2,C:\Users\ASUS\.cargo\bin\cargo.exe,x86_64-pc-windows-gnullvm,C:\Users\ASUS\AppData\Local\Microsoft\WinGet\Packages\MartinStorsjo.LLVM-MinGW.MSVCRT_Microsoft.Winget.Source_8wekyb3d8bbwe\llvm-mingw-20260324-msvcrt-x86_64\bin\x86_64-w64-mingw32-clang.exe
tests__unit-tests__assignment_unwind,2026-03-27T14:41:58+00:00,42,20,runnable,tests__unit-tests__assignment,S2,unit_test,4,3,testcases/tests__unit-tests__assignment,cargo_bin,unwind,True,True,False,False,False,False,True,False,101,0x00000065,,build_failed,0.093386,C:\Users\ASUS\data\毕业论文\paper_rustSec\results\ablation_logs\tests__unit-tests__assignment_unwind.log,build_failed,Windows-11-10.0.26200-SP0,3.14.2,C:\Users\ASUS\.cargo\bin\cargo.exe,x86_64-pc-windows-gnullvm,C:\Users\ASUS\AppData\Local\Microsoft\WinGet\Packages\MartinStorsjo.LLVM-MinGW.MSVCRT_Microsoft.Winget.Source_8wekyb3d8bbwe\llvm-mingw-20260324-msvcrt-x86_64\bin\x86_64-w64-mingw32-clang.exe
tests__unit-tests__assignment_abort,2026-03-27T14:41:58+00:00,42,20,runnable,tests__unit-tests__assignment,S2,unit_test,4,3,testcases/tests__unit-tests__assignment,cargo_bin,abort,True,True,False,False,False,False,True,False,101,0x00000065,,build_failed,0.089071,C:\Users\ASUS\data\毕业论文\paper_rustSec\results\ablation_logs\tests__unit-tests__assignment_abort.log,build_failed,Windows-11-10.0.26200-SP0,3.14.2,C:\Users\ASUS\.cargo\bin\cargo.exe,x86_64-pc-windows-gnullvm,C:\Users\ASUS\AppData\Local\Microsoft\WinGet\Packages\MartinStorsjo.LLVM-MinGW.MSVCRT_Microsoft.Winget.Source_8wekyb3d8bbwe\llvm-mingw-20260324-msvcrt-x86_64\bin\x86_64-w64-mingw32-clang.exe
tests__unit-tests__widen-narrow_unwind,2026-03-27T14:41:58+00:00,42,20,runnable,tests__unit-tests__widen-narrow,S2,unit_test,5,4,testcases/tests__unit-tests__widen-narrow,cargo_bin,unwind,True,True,False,False,False,False,True,False,101,0x00000065,,build_failed,0.095805,C:\Users\ASUS\data\毕业论文\paper_rustSec\results\ablation_logs\tests__unit-tests__widen-narrow_unwind.log,build_failed,Windows-11-10.0.26200-SP0,3.14.2,C:\Users\ASUS\.cargo\bin\cargo.exe,x86_64-pc-windows-gnullvm,C:\Users\ASUS\AppData\Local\Microsoft\WinGet\Packages\MartinStorsjo.LLVM-MinGW.MSVCRT_Microsoft.Winget.Source_8wekyb3d8bbwe\llvm-mingw-20260324-msvcrt-x86_64\bin\x86_64-w64-mingw32-clang.exe
tests__unit-tests__widen-narrow_abort,2026-03-27T14:41:58+00:00,42,20,runnable,tests__unit-tests__widen-narrow,S2,unit_test,5,4,testcases/tests__unit-tests__widen-narrow,cargo_bin,abort,True,True,False,False,False,False,True,False,101,0x00000065,,build_failed,0.095638,C:\Users\ASUS\data\毕业论文\paper_rustSec\results\ablation_logs\tests__unit-tests__widen-narrow_abort.log,build_failed,Windows-11-10.0.26200-SP0,3.14.2,C:\Users\ASUS\.cargo\bin\cargo.exe,x86_64-pc-windows-gnullvm,C:\Users\ASUS\AppData\Local\Microsoft\WinGet\Packages\MartinStorsjo.LLVM-MinGW.MSVCRT_Microsoft.Winget.Source_8wekyb3d8bbwe\llvm-mingw-20260324-msvcrt-x86_64\bin\x86_64-w64-mingw32-clang.exe
trophy-case__runes-test_unwind,2026-03-27T14:41:58+00:00,42,20,runnable,trophy-case__runes-test,S2,trophy_case,6,5,testcases/trophy-case__runes-test,cargo_bin,unwind,True,True,False,True,True,False,False,False,101,0x00000065,,panic_unwind,0.050981,C:\Users\ASUS\data\毕业论文\paper_rustSec\results\ablation_logs\trophy-case__runes-test_unwind.log,panic_unwind,Windows-11-10.0.26200-SP0,3.14.2,C:\Users\ASUS\.cargo\bin\cargo.exe,x86_64-pc-windows-gnullvm,C:\Users\ASUS\AppData\Local\Microsoft\WinGet\Packages\MartinStorsjo.LLVM-MinGW.MSVCRT_Microsoft.Winget.Source_8wekyb3d8bbwe\llvm-mingw-20260324-msvcrt-x86_64\bin\x86_64-w64-mingw32-clang.exe
trophy-case__runes-test_abort,2026-03-27T14:41:58+00:00,42,20,runnable,trophy-case__runes-test,S2,trophy_case,6,5,testcases/trophy-case__runes-test,cargo_bin,abort,True,True,False,True,True,False,False,False,3221226505,0xC0000409,,panic_abort,1.081584,C:\Users\ASUS\data\毕业论文\paper_rustSec\results\ablation_logs\trophy-case__runes-test_abort.log,panic_abort,Windows-11-10.0.26200-SP0,3.14.2,C:\Users\ASUS\.cargo\bin\cargo.exe,x86_64-pc-windows-gnullvm,C:\Users\ASUS\AppData\Local\Microsoft\WinGet\Packages\MartinStorsjo.LLVM-MinGW.MSVCRT_Microsoft.Winget.Source_8wekyb3d8bbwe\llvm-mingw-20260324-msvcrt-x86_64\bin\x86_64-w64-mingw32-clang.exe
tests__unit-tests__iterator_unwind,2026-03-27T14:41:58+00:00,42,20,runnable,tests__unit-tests__iterator,S2,unit_test,7,6,testcases/tests__unit-tests__iterator,cargo_bin,unwind,True,True,False,False,False,False,True,False,101,0x00000065,,build_failed,0.094793,C:\Users\ASUS\data\毕业论文\paper_rustSec\results\ablation_logs\tests__unit-tests__iterator_unwind.log,build_failed,Windows-11-10.0.26200-SP0,3.14.2,C:\Users\ASUS\.cargo\bin\cargo.exe,x86_64-pc-windows-gnullvm,C:\Users\ASUS\AppData\Local\Microsoft\WinGet\Packages\MartinStorsjo.LLVM-MinGW.MSVCRT_Microsoft.Winget.Source_8wekyb3d8bbwe\llvm-mingw-20260324-msvcrt-x86_64\bin\x86_64-w64-mingw32-clang.exe
tests__unit-tests__iterator_abort,2026-03-27T14:41:58+00:00,42,20,runnable,tests__unit-tests__iterator,S2,unit_test,7,6,testcases/tests__unit-tests__iterator,cargo_bin,abort,True,True,False,False,False,False,True,False,101,0x00000065,,build_failed,0.090248,C:\Users\ASUS\data\毕业论文\paper_rustSec\results\ablation_logs\tests__unit-tests__iterator_abort.log,build_failed,Windows-11-10.0.26200-SP0,3.14.2,C:\Users\ASUS\.cargo\bin\cargo.exe,x86_64-pc-windows-gnullvm,C:\Users\ASUS\AppData\Local\Microsoft\WinGet\Packages\MartinStorsjo.LLVM-MinGW.MSVCRT_Microsoft.Winget.Source_8wekyb3d8bbwe\llvm-mingw-20260324-msvcrt-x86_64\bin\x86_64-w64-mingw32-clang.exe
trophy-case__spglib-test_unwind,2026-03-27T14:41:58+00:00,42,20,runnable,trophy-case__spglib-test,S2,trophy_case,8,7,testcases/trophy-case__spglib-test,cargo_bin,unwind,True,True,False,False,False,False,True,False,101,0x00000065,,build_failed,0.091616,C:\Users\ASUS\data\毕业论文\paper_rustSec\results\ablation_logs\trophy-case__spglib-test_unwind.log,build_failed,Windows-11-10.0.26200-SP0,3.14.2,C:\Users\ASUS\.cargo\bin\cargo.exe,x86_64-pc-windows-gnullvm,C:\Users\ASUS\AppData\Local\Microsoft\WinGet\Packages\MartinStorsjo.LLVM-MinGW.MSVCRT_Microsoft.Winget.Source_8wekyb3d8bbwe\llvm-mingw-20260324-msvcrt-x86_64\bin\x86_64-w64-mingw32-clang.exe
trophy-case__spglib-test_abort,2026-03-27T14:41:58+00:00,42,20,runnable,trophy-case__spglib-test,S2,trophy_case,8,7,testcases/trophy-case__spglib-test,cargo_bin,abort,True,True,False,False,False,False,True,False,101,0x00000065,,build_failed,0.091307,C:\Users\ASUS\data\毕业论文\paper_rustSec\results\ablation_logs\trophy-case__spglib-test_abort.log,build_failed,Windows-11-10.0.26200-SP0,3.14.2,C:\Users\ASUS\.cargo\bin\cargo.exe,x86_64-pc-windows-gnullvm,C:\Users\ASUS\AppData\Local\Microsoft\WinGet\Packages\MartinStorsjo.LLVM-MinGW.MSVCRT_Microsoft.Winget.Source_8wekyb3d8bbwe\llvm-mingw-20260324-msvcrt-x86_64\bin\x86_64-w64-mingw32-clang.exe
tests__unit-tests__vector_unwind,2026-03-27T14:41:58+00:00,42,20,runnable,tests__unit-tests__vector,S2,unit_test,9,8,testcases/tests__unit-tests__vector,cargo_bin,unwind,True,True,False,False,False,False,True,False,101,0x00000065,,build_failed,0.093369,C:\Users\ASUS\data\毕业论文\paper_rustSec\results\ablation_logs\tests__unit-tests__vector_unwind.log,build_failed,Windows-11-10.0.26200-SP0,3.14.2,C:\Users\ASUS\.cargo\bin\cargo.exe,x86_64-pc-windows-gnullvm,C:\Users\ASUS\AppData\Local\Microsoft\WinGet\Packages\MartinStorsjo.LLVM-MinGW.MSVCRT_Microsoft.Winget.Source_8wekyb3d8bbwe\llvm-mingw-20260324-msvcrt-x86_64\bin\x86_64-w64-mingw32-clang.exe
tests__unit-tests__vector_abort,2026-03-27T14:41:58+00:00,42,20,runnable,tests__unit-tests__vector,S2,unit_test,9,8,testcases/tests__unit-tests__vector,cargo_bin,abort,True,True,False,False,False,False,True,False,101,0x00000065,,build_failed,0.089929,C:\Users\ASUS\data\毕业论文\paper_rustSec\results\ablation_logs\tests__unit-tests__vector_abort.log,build_failed,Windows-11-10.0.26200-SP0,3.14.2,C:\Users\ASUS\.cargo\bin\cargo.exe,x86_64-pc-windows-gnullvm,C:\Users\ASUS\AppData\Local\Microsoft\WinGet\Packages\MartinStorsjo.LLVM-MinGW.MSVCRT_Microsoft.Winget.Source_8wekyb3d8bbwe\llvm-mingw-20260324-msvcrt-x86_64\bin\x86_64-w64-mingw32-clang.exe
tests__safe-bugs__out-of-bound-index_unwind,2026-03-27T14:41:58+00:00,42,20,runnable,tests__safe-bugs__out-of-bound-index,S2,bounds_error,10,9,testcases/tests__safe-bugs__out-of-bound-index,cargo_bin,unwind,True,True,False,True,True,False,False,False,101,0x00000065,,panic_unwind,0.052761,C:\Users\ASUS\data\毕业论文\paper_rustSec\results\ablation_logs\tests__safe-bugs__out-of-bound-index_unwind.log,panic_unwind,Windows-11-10.0.26200-SP0,3.14.2,C:\Users\ASUS\.cargo\bin\cargo.exe,x86_64-pc-windows-gnullvm,C:\Users\ASUS\AppData\Local\Microsoft\WinGet\Packages\MartinStorsjo.LLVM-MinGW.MSVCRT_Microsoft.Winget.Source_8wekyb3d8bbwe\llvm-mingw-20260324-msvcrt-x86_64\bin\x86_64-w64-mingw32-clang.exe
tests__safe-bugs__out-of-bound-index_abort,2026-03-27T14:41:58+00:00,42,20,runnable,tests__safe-bugs__out-of-bound-index,S2,bounds_error,10,9,testcases/tests__safe-bugs__out-of-bound-index,cargo_bin,abort,True,True,False,True,True,False,False,False,3221226505,0xC0000409,,panic_abort,1.0927,C:\Users\ASUS\data\毕业论文\paper_rustSec\results\ablation_logs\tests__safe-bugs__out-of-bound-index_abort.log,panic_abort,Windows-11-10.0.26200-SP0,3.14.2,C:\Users\ASUS\.cargo\bin\cargo.exe,x86_64-pc-windows-gnullvm,C:\Users\ASUS\AppData\Local\Microsoft\WinGet\Packages\MartinStorsjo.LLVM-MinGW.MSVCRT_Microsoft.Winget.Source_8wekyb3d8bbwe\llvm-mingw-20260324-msvcrt-x86_64\bin\x86_64-w64-mingw32-clang.exe
trophy-case__executable-memory-test_unwind,2026-03-27T14:41:58+00:00,42,20,runnable,trophy-case__executable-memory-test,S2,trophy_case,11,10,testcases/trophy-case__executable-memory-test,cargo_bin,unwind,True,True,False,True,True,False,False,False,101,0x00000065,,panic_unwind,0.060335,C:\Users\ASUS\data\毕业论文\paper_rustSec\results\ablation_logs\trophy-case__executable-memory-test_unwind.log,panic_unwind,Windows-11-10.0.26200-SP0,3.14.2,C:\Users\ASUS\.cargo\bin\cargo.exe,x86_64-pc-windows-gnullvm,C:\Users\ASUS\AppData\Local\Microsoft\WinGet\Packages\MartinStorsjo.LLVM-MinGW.MSVCRT_Microsoft.Winget.Source_8wekyb3d8bbwe\llvm-mingw-20260324-msvcrt-x86_64\bin\x86_64-w64-mingw32-clang.exe
trophy-case__executable-memory-test_abort,2026-03-27T14:41:58+00:00,42,20,runnable,trophy-case__executable-memory-test,S2,trophy_case,11,10,testcases/trophy-case__executable-memory-test,cargo_bin,abort,True,True,False,True,True,False,False,False,3221226505,0xC0000409,,panic_abort,1.091332,C:\Users\ASUS\data\毕业论文\paper_rustSec\results\ablation_logs\trophy-case__executable-memory-test_abort.log,panic_abort,Windows-11-10.0.26200-SP0,3.14.2,C:\Users\ASUS\.cargo\bin\cargo.exe,x86_64-pc-windows-gnullvm,C:\Users\ASUS\AppData\Local\Microsoft\WinGet\Packages\MartinStorsjo.LLVM-MinGW.MSVCRT_Microsoft.Winget.Source_8wekyb3d8bbwe\llvm-mingw-20260324-msvcrt-x86_64\bin\x86_64-w64-mingw32-clang.exe
tests__unit-tests__recursion_unwind,2026-03-27T14:41:58+00:00,42,20,runnable,tests__unit-tests__recursion,S2,unit_test,12,11,testcases/tests__unit-tests__recursion,cargo_bin,unwind,True,True,True,False,False,False,False,False,0,0x00000000,,success,0.049196,C:\Users\ASUS\data\毕业论文\paper_rustSec\results\ablation_logs\tests__unit-tests__recursion_unwind.log,,Windows-11-10.0.26200-SP0,3.14.2,C:\Users\ASUS\.cargo\bin\cargo.exe,x86_64-pc-windows-gnullvm,C:\Users\ASUS\AppData\Local\Microsoft\WinGet\Packages\MartinStorsjo.LLVM-MinGW.MSVCRT_Microsoft.Winget.Source_8wekyb3d8bbwe\llvm-mingw-20260324-msvcrt-x86_64\bin\x86_64-w64-mingw32-clang.exe
tests__unit-tests__recursion_abort,2026-03-27T14:41:58+00:00,42,20,runnable,tests__unit-tests__recursion,S2,unit_test,12,11,testcases/tests__unit-tests__recursion,cargo_bin,abort,True,True,True,False,False,False,False,False,0,0x00000000,,success,0.045565,C:\Users\ASUS\data\毕业论文\paper_rustSec\results\ablation_logs\tests__unit-tests__recursion_abort.log,,Windows-11-10.0.26200-SP0,3.14.2,C:\Users\ASUS\.cargo\bin\cargo.exe,x86_64-pc-windows-gnullvm,C:\Users\ASUS\AppData\Local\Microsoft\WinGet\Packages\MartinStorsjo.LLVM-MinGW.MSVCRT_Microsoft.Winget.Source_8wekyb3d8bbwe\llvm-mingw-20260324-msvcrt-x86_64\bin\x86_64-w64-mingw32-clang.exe
tests__unit-tests__big-loop_unwind,2026-03-27T14:41:58+00:00,42,20,runnable,tests__unit-tests__big-loop,S2,unit_test,13,12,testcases/tests__unit-tests__big-loop,cargo_bin,unwind,True,True,False,False,False,False,True,False,101,0x00000065,,build_failed,0.096214,C:\Users\ASUS\data\毕业论文\paper_rustSec\results\ablation_logs\tests__unit-tests__big-loop_unwind.log,build_failed,Windows-11-10.0.26200-SP0,3.14.2,C:\Users\ASUS\.cargo\bin\cargo.exe,x86_64-pc-windows-gnullvm,C:\Users\ASUS\AppData\Local\Microsoft\WinGet\Packages\MartinStorsjo.LLVM-MinGW.MSVCRT_Microsoft.Winget.Source_8wekyb3d8bbwe\llvm-mingw-20260324-msvcrt-x86_64\bin\x86_64-w64-mingw32-clang.exe
tests__unit-tests__big-loop_abort,2026-03-27T14:41:58+00:00,42,20,runnable,tests__unit-tests__big-loop,S2,unit_test,13,12,testcases/tests__unit-tests__big-loop,cargo_bin,abort,True,True,False,False,False,False,True,False,101,0x00000065,,build_failed,0.097106,C:\Users\ASUS\data\毕业论文\paper_rustSec\results\ablation_logs\tests__unit-tests__big-loop_abort.log,build_failed,Windows-11-10.0.26200-SP0,3.14.2,C:\Users\ASUS\.cargo\bin\cargo.exe,x86_64-pc-windows-gnullvm,C:\Users\ASUS\AppData\Local\Microsoft\WinGet\Packages\MartinStorsjo.LLVM-MinGW.MSVCRT_Microsoft.Winget.Source_8wekyb3d8bbwe\llvm-mingw-20260324-msvcrt-x86_64\bin\x86_64-w64-mingw32-clang.exe
trophy-case__brotli-test2_unwind,2026-03-27T14:41:58+00:00,42,20,runnable,trophy-case__brotli-test2,S2,trophy_case,14,13,testcases/trophy-case__brotli-test2,cargo_bin,unwind,True,True,False,True,True,False,False,False,101,0x00000065,,panic_unwind,0.055624,C:\Users\ASUS\data\毕业论文\paper_rustSec\results\ablation_logs\trophy-case__brotli-test2_unwind.log,panic_unwind,Windows-11-10.0.26200-SP0,3.14.2,C:\Users\ASUS\.cargo\bin\cargo.exe,x86_64-pc-windows-gnullvm,C:\Users\ASUS\AppData\Local\Microsoft\WinGet\Packages\MartinStorsjo.LLVM-MinGW.MSVCRT_Microsoft.Winget.Source_8wekyb3d8bbwe\llvm-mingw-20260324-msvcrt-x86_64\bin\x86_64-w64-mingw32-clang.exe
trophy-case__brotli-test2_abort,2026-03-27T14:41:58+00:00,42,20,runnable,trophy-case__brotli-test2,S2,trophy_case,14,13,testcases/trophy-case__brotli-test2,cargo_bin,abort,True,True,False,True,True,False,False,False,3221226505,0xC0000409,,panic_abort,1.067824,C:\Users\ASUS\data\毕业论文\paper_rustSec\results\ablation_logs\trophy-case__brotli-test2_abort.log,panic_abort,Windows-11-10.0.26200-SP0,3.14.2,C:\Users\ASUS\.cargo\bin\cargo.exe,x86_64-pc-windows-gnullvm,C:\Users\ASUS\AppData\Local\Microsoft\WinGet\Packages\MartinStorsjo.LLVM-MinGW.MSVCRT_Microsoft.Winget.Source_8wekyb3d8bbwe\llvm-mingw-20260324-msvcrt-x86_64\bin\x86_64-w64-mingw32-clang.exe
examples__string-test_unwind,2026-03-27T14:41:58+00:00,42,20,runnable,examples__string-test,S3,ffi_example,15,1,testcases/examples__string-test,cargo_bin,unwind,True,True,False,False,False,False,True,False,101,0x00000065,,build_failed,0.136136,C:\Users\ASUS\data\毕业论文\paper_rustSec\results\ablation_logs\examples__string-test_unwind.log,build_failed,Windows-11-10.0.26200-SP0,3.14.2,C:\Users\ASUS\.cargo\bin\cargo.exe,x86_64-pc-windows-gnullvm,C:\Users\ASUS\AppData\Local\Microsoft\WinGet\Packages\MartinStorsjo.LLVM-MinGW.MSVCRT_Microsoft.Winget.Source_8wekyb3d8bbwe\llvm-mingw-20260324-msvcrt-x86_64\bin\x86_64-w64-mingw32-clang.exe
examples__string-test_abort,2026-03-27T14:41:58+00:00,42,20,runnable,examples__string-test,S3,ffi_example,15,1,testcases/examples__string-test,cargo_bin,abort,True,True,False,False,False,False,True,False,101,0x00000065,,build_failed,0.125697,C:\Users\ASUS\data\毕业论文\paper_rustSec\results\ablation_logs\examples__string-test_abort.log,build_failed,Windows-11-10.0.26200-SP0,3.14.2,C:\Users\ASUS\.cargo\bin\cargo.exe,x86_64-pc-windows-gnullvm,C:\Users\ASUS\AppData\Local\Microsoft\WinGet\Packages\MartinStorsjo.LLVM-MinGW.MSVCRT_Microsoft.Winget.Source_8wekyb3d8bbwe\llvm-mingw-20260324-msvcrt-x86_64\bin\x86_64-w64-mingw32-clang.exe
examples__rc-test_unwind,2026-03-27T14:41:58+00:00,42,20,runnable,examples__rc-test,S3,ffi_example,16,2,testcases/examples__rc-test,cargo_bin,unwind,True,True,False,False,False,False,True,False,101,0x00000065,,build_failed,0.119399,C:\Users\ASUS\data\毕业论文\paper_rustSec\results\ablation_logs\examples__rc-test_unwind.log,build_failed,Windows-11-10.0.26200-SP0,3.14.2,C:\Users\ASUS\.cargo\bin\cargo.exe,x86_64-pc-windows-gnullvm,C:\Users\ASUS\AppData\Local\Microsoft\WinGet\Packages\MartinStorsjo.LLVM-MinGW.MSVCRT_Microsoft.Winget.Source_8wekyb3d8bbwe\llvm-mingw-20260324-msvcrt-x86_64\bin\x86_64-w64-mingw32-clang.exe
examples__rc-test_abort,2026-03-27T14:41:58+00:00,42,20,runnable,examples__rc-test,S3,ffi_example,16,2,testcases/examples__rc-test,cargo_bin,abort,True,True,False,False,False,False,True,False,101,0x00000065,,build_failed,0.121855,C:\Users\ASUS\data\毕业论文\paper_rustSec\results\ablation_logs\examples__rc-test_abort.log,build_failed,Windows-11-10.0.26200-SP0,3.14.2,C:\Users\ASUS\.cargo\bin\cargo.exe,x86_64-pc-windows-gnullvm,C:\Users\ASUS\AppData\Local\Microsoft\WinGet\Packages\MartinStorsjo.LLVM-MinGW.MSVCRT_Microsoft.Winget.Source_8wekyb3d8bbwe\llvm-mingw-20260324-msvcrt-x86_64\bin\x86_64-w64-mingw32-clang.exe
examples__mix-box-free_unwind,2026-03-27T14:41:58+00:00,42,20,runnable,examples__mix-box-free,S3,ffi_example,17,3,testcases/examples__mix-box-free,cargo_bin,unwind,True,True,False,True,False,True,False,False,3221226356,0xC0000374,,heap_corruption,1.077647,C:\Users\ASUS\data\毕业论文\paper_rustSec\results\ablation_logs\examples__mix-box-free_unwind.log,heap_corruption,Windows-11-10.0.26200-SP0,3.14.2,C:\Users\ASUS\.cargo\bin\cargo.exe,x86_64-pc-windows-gnullvm,C:\Users\ASUS\AppData\Local\Microsoft\WinGet\Packages\MartinStorsjo.LLVM-MinGW.MSVCRT_Microsoft.Winget.Source_8wekyb3d8bbwe\llvm-mingw-20260324-msvcrt-x86_64\bin\x86_64-w64-mingw32-clang.exe
examples__mix-box-free_abort,2026-03-27T14:41:58+00:00,42,20,runnable,examples__mix-box-free,S3,ffi_example,17,3,testcases/examples__mix-box-free,cargo_bin,abort,True,True,False,True,False,True,False,False,3221226356,0xC0000374,,heap_corruption,1.140481,C:\Users\ASUS\data\毕业论文\paper_rustSec\results\ablation_logs\examples__mix-box-free_abort.log,heap_corruption,Windows-11-10.0.26200-SP0,3.14.2,C:\Users\ASUS\.cargo\bin\cargo.exe,x86_64-pc-windows-gnullvm,C:\Users\ASUS\AppData\Local\Microsoft\WinGet\Packages\MartinStorsjo.LLVM-MinGW.MSVCRT_Microsoft.Winget.Source_8wekyb3d8bbwe\llvm-mingw-20260324-msvcrt-x86_64\bin\x86_64-w64-mingw32-clang.exe
examples__c-in-rust-uaf_unwind,2026-03-27T14:41:58+00:00,42,20,runnable,examples__c-in-rust-uaf,S3,use_after_free,18,4,testcases/examples__c-in-rust-uaf,cargo_bin,unwind,True,True,False,False,False,False,True,False,101,0x00000065,,build_failed,0.133543,C:\Users\ASUS\data\毕业论文\paper_rustSec\results\ablation_logs\examples__c-in-rust-uaf_unwind.log,build_failed,Windows-11-10.0.26200-SP0,3.14.2,C:\Users\ASUS\.cargo\bin\cargo.exe,x86_64-pc-windows-gnullvm,C:\Users\ASUS\AppData\Local\Microsoft\WinGet\Packages\MartinStorsjo.LLVM-MinGW.MSVCRT_Microsoft.Winget.Source_8wekyb3d8bbwe\llvm-mingw-20260324-msvcrt-x86_64\bin\x86_64-w64-mingw32-clang.exe
examples__c-in-rust-uaf_abort,2026-03-27T14:41:58+00:00,42,20,runnable,examples__c-in-rust-uaf,S3,use_after_free,18,4,testcases/examples__c-in-rust-uaf,cargo_bin,abort,True,True,False,False,False,False,True,False,101,0x00000065,,build_failed,0.123345,C:\Users\ASUS\data\毕业论文\paper_rustSec\results\ablation_logs\examples__c-in-rust-uaf_abort.log,build_failed,Windows-11-10.0.26200-SP0,3.14.2,C:\Users\ASUS\.cargo\bin\cargo.exe,x86_64-pc-windows-gnullvm,C:\Users\ASUS\AppData\Local\Microsoft\WinGet\Packages\MartinStorsjo.LLVM-MinGW.MSVCRT_Microsoft.Winget.Source_8wekyb3d8bbwe\llvm-mingw-20260324-msvcrt-x86_64\bin\x86_64-w64-mingw32-clang.exe
trophy-case__gmath-test_unwind,2026-03-27T14:41:58+00:00,42,20,runnable,trophy-case__gmath-test,S4,trophy_case,19,1,testcases/trophy-case__gmath-test,cargo_bin,unwind,True,True,False,True,False,True,False,False,3221225477,0xC0000005,,access_violation,1.067362,C:\Users\ASUS\data\毕业论文\paper_rustSec\results\ablation_logs\trophy-case__gmath-test_unwind.log,access_violation,Windows-11-10.0.26200-SP0,3.14.2,C:\Users\ASUS\.cargo\bin\cargo.exe,x86_64-pc-windows-gnullvm,C:\Users\ASUS\AppData\Local\Microsoft\WinGet\Packages\MartinStorsjo.LLVM-MinGW.MSVCRT_Microsoft.Winget.Source_8wekyb3d8bbwe\llvm-mingw-20260324-msvcrt-x86_64\bin\x86_64-w64-mingw32-clang.exe
trophy-case__gmath-test_abort,2026-03-27T14:41:58+00:00,42,20,runnable,trophy-case__gmath-test,S4,trophy_case,19,1,testcases/trophy-case__gmath-test,cargo_bin,abort,True,True,False,True,False,True,False,False,3221225477,0xC0000005,,access_violation,1.084416,C:\Users\ASUS\data\毕业论文\paper_rustSec\results\ablation_logs\trophy-case__gmath-test_abort.log,access_violation,Windows-11-10.0.26200-SP0,3.14.2,C:\Users\ASUS\.cargo\bin\cargo.exe,x86_64-pc-windows-gnullvm,C:\Users\ASUS\AppData\Local\Microsoft\WinGet\Packages\MartinStorsjo.LLVM-MinGW.MSVCRT_Microsoft.Winget.Source_8wekyb3d8bbwe\llvm-mingw-20260324-msvcrt-x86_64\bin\x86_64-w64-mingw32-clang.exe
tests__unsafe-bugs__offset_unwind,2026-03-27T14:41:58+00:00,42,20,runnable,tests__unsafe-bugs__offset,S4,unsafe_bug,20,2,testcases/tests__unsafe-bugs__offset,cargo_bin,unwind,True,True,True,False,False,False,False,False,0,0x00000000,,success,0.043936,C:\Users\ASUS\data\毕业论文\paper_rustSec\results\ablation_logs\tests__unsafe-bugs__offset_unwind.log,,Windows-11-10.0.26200-SP0,3.14.2,C:\Users\ASUS\.cargo\bin\cargo.exe,x86_64-pc-windows-gnullvm,C:\Users\ASUS\AppData\Local\Microsoft\WinGet\Packages\MartinStorsjo.LLVM-MinGW.MSVCRT_Microsoft.Winget.Source_8wekyb3d8bbwe\llvm-mingw-20260324-msvcrt-x86_64\bin\x86_64-w64-mingw32-clang.exe
tests__unsafe-bugs__offset_abort,2026-03-27T14:41:58+00:00,42,20,runnable,tests__unsafe-bugs__offset,S4,unsafe_bug,20,2,testcases/tests__unsafe-bugs__offset,cargo_bin,abort,True,True,True,False,False,False,False,False,0,0x00000000,,success,0.043627,C:\Users\ASUS\data\毕业论文\paper_rustSec\results\ablation_logs\tests__unsafe-bugs__offset_abort.log,,Windows-11-10.0.26200-SP0,3.14.2,C:\Users\ASUS\.cargo\bin\cargo.exe,x86_64-pc-windows-gnullvm,C:\Users\ASUS\AppData\Local\Microsoft\WinGet\Packages\MartinStorsjo.LLVM-MinGW.MSVCRT_Microsoft.Winget.Source_8wekyb3d8bbwe\llvm-mingw-20260324-msvcrt-x86_64\bin\x86_64-w64-mingw32-clang.exe
